column_name,data_type,description
ahi_aggregate_id,bigint,
record_grain,string,
report_type,string,
agg_data_source,string,
source_system,string,
source_table,string,
product_line_name,string,
profit_center_number,string,
profit_center_name,string,
program_name,string,
market_provider,string,
market_provider_id,string,
insurance_company_name,string,
naic_code,string,
insurance_company_am_best_number,string,
insurance_company_id,string,
is_mga,boolean,
is_mgu,boolean,
parent_producer_id,string,
parent_producer_name,string,
producer_agency_name,string,
producer_code,string,
billing_company_name,string,
delegated_authority_partner,string,
aggregation_category,string,
aggregation_dimension_1_name,string,
aggregation_dimension_1_value,string,
aggregation_dimension_2_name,string,
aggregation_dimension_2_value,string,
aggregation_dimension_3_name,string,
aggregation_dimension_3_value,string,
reporting_start_date,date,
reporting_end_date,date,
reporting_year,int,
reporting_month,int,
reporting_period,string,
policy_effective_year,int,
policy_status,string,
accounting_effective_date,date,
premium,"decimal(28,2)",
policy_fees,"decimal(28,2)",
non_premium_commission_volume,"decimal(28,2)",
total_volume,"decimal(28,2)",
total_volume_pct,"decimal(10,6)",
gross_commission_amount,"decimal(28,2)",
commission_pct,"decimal(10,6)",
producer_commission_amount,"decimal(28,2)",
producer_commission_pct,"decimal(10,6)",
producer_non_premium_commission_amount,"decimal(28,2)",
broker_commission_amount,"decimal(28,2)",
gross_profit,"decimal(28,2)",
revenue,"decimal(28,2)",
customer_count,bigint,
policy_count,bigint,
invoice_count,bigint,
pif,bigint,
measure_1_name,string,
measure_1_value,"decimal(28,2)",
measure_2_name,string,
measure_2_value,"decimal(28,2)",
measure_3_name,string,
measure_3_value,"decimal(28,2)",
business_key_hash,string,
row_hash,string,
source_file,string,
source_sheet,string,
file_date,date,
ingestion_timestamp,timestamp,
processed_timestamp,timestamp,
silver_insert_timestamp,timestamp,
silver_update_timestamp,timestamp,
reporting_period_type,string,
source_data_period_start_date,date,Start date of the business data period represented by the source-provided dataset
source_data_period_end_date,date,End date of the business data period represented by the source-provided dataset
source_data_period_type,string,"Type of source data period, e.g. MONTH, DATE, DATE_RANGE, YTD, YEAR, SNAPSHOT"
